,city,city_ascii,lat,lng,country
281,Rome,Rome,41.8931,12.4828,Italy
563,Milan,Milan,45.4669,9.19,Italy
929,Naples,Naples,40.8333,14.25,Italy
1003,Turin,Turin,45.0792,7.6761,Italy
1232,Palermo,Palermo,38.1157,13.3613,Italy
1387,Genoa,Genoa,44.4111,8.9328,Italy
1867,Bologna,Bologna,44.4939,11.3428,Italy
1898,Florence,Florence,43.7714,11.2542,Italy
2183,Bari,Bari,41.1253,16.8667,Italy
2270,Catania,Catania,37.5,15.0903,Italy
2602,Venice,Venice,45.4397,12.3319,Italy
2623,Verona,Verona,45.4386,10.9928,Italy
2864,Messina,Messina,38.1936,15.5542,Italy
3113,Padova,Padova,45.4064,11.8778,Italy
3193,Trieste,Trieste,45.6503,13.7703,Italy
3257,Cosenza,Cosenza,39.3,16.25,Italy
3295,Taranto,Taranto,40.4711,17.2431,Italy
3334,Brescia,Brescia,45.5389,10.2203,Italy
3343,Parma,Parma,44.8015,10.328,Italy
3363,Prato,Prato,43.8808,11.0966,Italy
3496,Modena,Modena,44.6458,10.9257,Italy
3546,Reggio di Calabria,Reggio di Calabria,38.1144,15.65,Italy
3718,Reggio Emilia,Reggio Emilia,44.7,10.6333,Italy
3825,Perugia,Perugia,43.1122,12.3889,Italy
3961,Livorno,Livorno,43.5519,10.3083,Italy
3971,Ravenna,Ravenna,44.4161,12.2017,Italy
4043,Cagliari,Cagliari,39.2278,9.1111,Italy
4159,Foggia,Foggia,41.4642,15.5461,Italy
4189,Rimini,Rimini,44.0594,12.5683,Italy
4562,Salerno,Salerno,40.6806,14.7597,Italy
4667,Ferrara,Ferrara,44.8333,11.6167,Italy
4819,Monza,Monza,45.5836,9.2736,Italy
4836,Latina,Latina,41.4672,12.9036,Italy
4873,Giugliano in Campania,Giugliano in Campania,40.9319,14.1956,Italy
4930,Bergamo,Bergamo,45.695,9.67,Italy
4977,Pescara,Pescara,42.4643,14.2142,Italy
5027,Siracusa,Siracusa,37.0692,15.2875,Italy
5120,Trento,Trento,46.0667,11.1167,Italy
5140,Forlì,Forli,44.2333,12.05,Italy
5208,Sassari,Sassari,40.7267,8.5592,Italy
5375,Vicenza,Vicenza,45.55,11.55,Italy
5435,Terni,Terni,42.5619,12.6414,Italy
5632,Bolzano,Bolzano,46.4981,11.3548,Italy
5738,Novara,Novara,45.45,8.6167,Italy
5850,Piacenza,Piacenza,45.05,9.7,Italy
5933,Mestre,Mestre,45.4906,12.2381,Italy
5941,Ancona,Ancona,43.6169,13.5167,Italy
6147,Catanzaro,Catanzaro,38.9,16.6,Italy
6179,Sesto San Giovanni,Sesto San Giovanni,45.5333,9.2333,Italy
6195,Torre del Greco,Torre del Greco,40.7853,14.3953,Italy
6233,Busto Arsizio,Busto Arsizio,45.612,8.8518,Italy
6237,Como,Como,45.8103,9.0861,Italy
6285,Casoria,Casoria,40.9,14.3,Italy
6323,Cinisello Balsamo,Cinisello Balsamo,45.55,9.2167,Italy
6343,Ragusa,Ragusa,36.925,14.7306,Italy
6622,Castellammare di Stabia,Castellammare di Stabia,40.6947,14.4803,Italy
6623,L’Aquila,L'Aquila,42.35,13.4,Italy
6633,Portici,Portici,40.8197,14.3411,Italy
6650,Afragola,Afragola,40.9167,14.3167,Italy
6686,Potenza,Potenza,40.6333,15.8,Italy
6796,Marano di Napoli,Marano di Napoli,40.9,14.1833,Italy
6798,Legnano,Legnano,45.5781,8.9183,Italy
6958,Aversa,Aversa,40.9667,14.2,Italy
7049,San Giorgio a Cremano,San Giorgio a Cremano,40.8333,14.3333,Italy
7058,Gallarate,Gallarate,45.6649,8.7914,Italy
7076,Ercolano,Ercolano,40.8,14.35,Italy
7138,Cologno Monzese,Cologno Monzese,45.5286,9.2783,Italy
7144,Scafati,Scafati,40.7536,14.5253,Italy
7145,Rho,Rho,45.5333,9.0333,Italy
7172,Collegno,Collegno,45.0775,7.5724,Italy
7255,Lissone,Lissone,45.6167,9.25,Italy
7270,Campobasso,Campobasso,41.5667,14.6667,Italy
7275,Nichelino,Nichelino,44.9955,7.6466,Italy
7277,Paderno Dugnano,Paderno Dugnano,45.5719,9.1692,Italy
7331,Seregno,Seregno,45.65,9.2,Italy
7356,Torre Annunziata,Torre Annunziata,40.7569,14.4444,Italy
7364,Melito di Napoli,Melito di Napoli,40.9167,14.2333,Italy
7432,Rozzano,Rozzano,45.3833,9.15,Italy
7485,Desio,Desio,45.6167,9.2167,Italy
7568,Pomigliano d’Arco,Pomigliano d'Arco,40.9167,14.4,Italy
7584,Saronno,Saronno,45.6255,9.037,Italy
7625,Cesano Maderno,Cesano Maderno,45.6307,9.1456,Italy
7639,Mugnano di Napoli,Mugnano di Napoli,40.9094,14.2098,Italy
7646,Ciampino,Ciampino,41.8,12.6,Italy
7652,Arzano,Arzano,40.9167,14.2667,Italy
7664,Corsico,Corsico,45.4333,9.1167,Italy
7708,Grugliasco,Grugliasco,45.068,7.5776,Italy
7751,Pioltello,Pioltello,45.5,9.3333,Italy
7758,Sant’Antimo,Sant'Antimo,40.9422,14.2348,Italy
7787,Bollate,Bollate,45.55,9.1167,Italy
7815,Casalecchio di Reno,Casalecchio di Reno,44.4833,11.2833,Italy
7835,Brugherio,Brugherio,45.5508,9.3011,Italy
7849,Limbiate,Limbiate,45.5972,9.13,Italy
7903,Riccione Marina,Riccione Marina,44.0,12.65,Italy
7911,Cernusco sul Naviglio,Cernusco sul Naviglio,45.5167,9.3333,Italy
7935,Angri,Angri,40.7333,14.5667,Italy
7993,Villaricca,Villaricca,40.9167,14.2,Italy
7996,Aosta,Aosta,45.7333,7.3167,Italy
8029,Frattamaggiore,Frattamaggiore,40.9333,14.2833,Italy
8038,San Donato Milanese,San Donato Milanese,45.4167,9.2667,Italy
8062,Santa Maria Capua Vetere,Santa Maria Capua Vetere,41.0833,14.25,Italy
8125,Bresso,Bresso,45.5333,9.1833,Italy
8148,San Giuseppe Vesuviano,San Giuseppe Vesuviano,40.8333,14.5,Italy
8199,Aci Catena,Aci Catena,37.6,15.1333,Italy
8384,Boscoreale,Boscoreale,40.7667,14.4833,Italy
8403,Garbagnate Milanese,Garbagnate Milanese,45.5771,9.0814,Italy
8451,Chiavari,Chiavari,44.3167,9.3333,Italy
8453,Cardito,Cardito,40.95,14.3,Italy
8491,Qualiano,Qualiano,40.9167,14.15,Italy
8604,Muggiò,Muggio,45.6,9.2333,Italy
8638,Seriate,Seriate,45.6847,9.7178,Italy
8653,Pompei,Pompei,40.75,14.5,Italy
8701,Seveso,Seveso,45.6434,9.1374,Italy
8735,Meda,Meda,45.6667,9.1667,Italy
8798,San Giovanni la Punta,San Giovanni la Punta,37.5833,15.1,Italy
8874,Cusano Milanino,Cusano Milanino,45.55,9.1833,Italy
8919,Cormano,Cormano,45.55,9.1667,Italy
8943,Frattaminore,Frattaminore,40.95,14.2667,Italy
8960,Senago,Senago,45.5833,9.1333,Italy
8994,Novate Milanese,Novate Milanese,45.5333,9.1333,Italy
9075,Monserrato,Monserrato,39.25,9.15,Italy
9078,Trentola,Trentola,40.9762,14.1773,Italy
9098,Ischia,Ischia,40.75,13.95,Italy
9136,Arese,Arese,45.55,9.0667,Italy
9141,Cercola,Cercola,40.8667,14.35,Italy
9155,Sant’Antonio Abate,Sant'Antonio Abate,40.7333,14.55,Italy
9191,Melegnano,Melegnano,45.3588,9.3238,Italy
9316,Beinasco,Beinasco,45.0167,7.5833,Italy
9377,Cattolica,Cattolica,43.9667,12.7333,Italy
9485,Brusciano,Brusciano,40.9167,14.4167,Italy
9501,Sant’Arpino,Sant'Arpino,40.9575,14.2492,Italy
9590,Casandrino,Casandrino,40.9333,14.25,Italy
9876,Castellanza,Castellanza,45.6167,8.9,Italy
9897,Baranzate,Baranzate,45.5167,9.1,Italy
9903,Solaro,Solaro,45.615,9.0839,Italy
9914,Varedo,Varedo,45.6,9.1667,Italy
9920,Monte di Procida,Monte di Procida,40.8,14.05,Italy
10080,Calvizzano,Calvizzano,40.9,14.1833,Italy
10126,Canegrate,Canegrate,45.5667,8.9333,Italy
10181,Biassono,Biassono,45.6333,9.2667,Italy
10301,San Gregorio di Catania,San Gregorio di Catania,37.5667,15.1167,Italy
10385,Capodrise,Capodrise,41.05,14.3,Italy
10497,Procida,Procida,40.7667,14.0333,Italy
10568,San Marzano sul Sarno,San Marzano sul Sarno,40.7697,14.5947,Italy
10598,Cesa,Cesa,40.9667,14.2333,Italy
10728,Casapulla,Casapulla,41.0667,14.2833,Italy
10762,Sant’Agnello,Sant'Agnello,40.6294,14.3996,Italy
10770,Torre Boldone,Torre Boldone,45.7167,9.7,Italy
11846,Udine,Udine,46.0667,13.2333,Italy
11860,Andria,Andria,41.2167,16.3,Italy
11882,Arezzo,Arezzo,43.4633,11.8783,Italy
11966,Cesena,Cesena,44.1389,12.2444,Italy
12021,Pesaro,Pesaro,43.9167,12.9,Italy
12034,Lecce,Lecce,40.35,18.1667,Italy
12057,Barletta,Barletta,41.3167,16.2833,Italy
12081,Alessandria,Alessandria,44.9167,8.6167,Italy
12113,La Spezia,La Spezia,44.1,9.8167,Italy
12224,Pisa,Pisa,43.7167,10.4,Italy
12236,Pistoia,Pistoia,43.9333,10.9167,Italy
12263,Lucca,Lucca,43.8417,10.5028,Italy
12384,Brindisi,Brindisi,40.6333,17.9333,Italy
12439,Treviso,Treviso,45.6722,12.2422,Italy
12591,Marsala,Marsala,37.7981,12.4342,Italy
12595,Pozzuoli,Pozzuoli,40.8231,14.1222,Italy
12641,Grosseto,Grosseto,42.7667,11.1,Italy
12650,Varese,Varese,45.8167,8.8333,Italy
12758,Fiumicino,Fiumicino,41.7667,12.2333,Italy
12930,Caserta,Caserta,41.0667,14.3333,Italy
12947,Asti,Asti,44.9,8.2069,Italy
13059,Gela,Gela,37.0667,14.25,Italy
13092,Aprilia,Aprilia,41.5833,12.65,Italy
13239,Pavia,Pavia,45.1853,9.155,Italy
13281,Cremona,Cremona,45.1333,10.0333,Italy
13310,Carpi,Carpi,44.7833,10.8833,Italy
13315,Quartu Sant’Elena,Quartu Sant'Elena,39.2413,9.1839,Italy
13381,Altamura,Altamura,40.8167,16.55,Italy
13405,Imola,Imola,44.3531,11.7147,Italy
13447,Massa,Massa,44.0333,10.1333,Italy
13588,Viterbo,Viterbo,42.4186,12.1042,Italy
13591,Trapani,Trapani,38.0175,12.515,Italy
13882,Vittoria,Vittoria,36.95,14.5333,Italy
13897,Pomezia,Pomezia,41.6693,12.5021,Italy
13902,Crotone,Crotone,39.0833,17.1167,Italy
13936,Vigevano,Vigevano,45.3167,8.8667,Italy
13976,Carrara,Carrara,44.0792,10.1,Italy
14080,Caltanissetta,Caltanissetta,37.4903,14.0625,Italy
14109,Viareggio,Viareggio,43.8672,10.2506,Italy
14169,Fano,Fano,43.8333,13.0167,Italy
14206,Acerra,Acerra,40.95,14.3667,Italy
14241,Savona,Savona,44.308,8.481,Italy
14250,Matera,Matera,40.6667,16.6,Italy
14260,Molfetta,Molfetta,41.2,16.6,Italy
14269,Olbia,Olbia,40.9167,9.5,Italy
14286,Benevento,Benevento,41.1333,14.7833,Italy
14360,Agrigento,Agrigento,37.3167,13.5833,Italy
14418,Faenza,Faenza,44.2856,11.8833,Italy
14455,Cerignola,Cerignola,41.2667,15.9,Italy
14481,Moncalieri,Moncalieri,45.0005,7.6848,Italy
14625,Foligno,Foligno,42.95,12.7,Italy
14643,Manfredonia,Manfredonia,41.6333,15.9167,Italy
14663,Bagheria,Bagheria,38.0833,13.5,Italy
14678,Cuneo,Cuneo,44.3833,7.55,Italy
14681,Tivoli,Tivoli,41.9667,12.8,Italy
14702,Trani,Trani,41.2667,16.4167,Italy
14749,Bisceglie,Bisceglie,41.2431,16.5053,Italy
14828,San Remo,San Remo,43.8175,7.775,Italy
14837,Bitonto,Bitonto,41.1167,16.6833,Italy
14857,Modica,Modica,36.8672,14.7614,Italy
14924,Teramo,Teramo,42.6589,13.7039,Italy
14938,Cava de’ Tirreni,Cava de' Tirreni,40.7,14.7,Italy
14940,Montesilvano,Montesilvano,42.5142,14.1494,Italy
14960,Siena,Siena,43.3183,11.3314,Italy
14999,Avellino,Avellino,40.9167,14.7889,Italy
15060,Velletri,Velletri,41.6667,12.7833,Italy
15068,Anzio,Anzio,41.4472,12.6283,Italy
15070,Acireale,Acireale,37.6167,15.1667,Italy
15118,San Severo,San Severo,41.6951,15.3793,Italy
15213,Pordenone,Pordenone,45.95,12.65,Italy
15232,Civitavecchia,Civitavecchia,42.1,11.8,Italy
15285,Battipaglia,Battipaglia,40.6167,14.9833,Italy
15306,Mazara del Vallo,Mazara del Vallo,37.65,12.5833,Italy
15319,Chieti,Chieti,42.35,14.1667,Italy
15320,Rovigo,Rovigo,45.0809,11.794,Italy
15336,Scandicci,Scandicci,43.7544,11.1894,Italy
15357,Misterbianco,Misterbianco,37.5183,15.0069,Italy
15473,Nettuno,Nettuno,41.4667,12.6667,Italy
15492,Ardea,Ardea,41.6167,12.55,Italy
15498,Casalnuovo di Napoli,Casalnuovo di Napoli,40.9167,14.35,Italy
15504,Rivoli,Rivoli,45.0697,7.5177,Italy
15513,Mantova,Mantova,45.1564,10.7911,Italy
15536,Sesto Fiorentino,Sesto Fiorentino,43.8333,11.2,Italy
15625,Chioggia,Chioggia,45.2196,12.2789,Italy
15638,Empoli,Empoli,43.7167,10.95,Italy
15660,Monopoli,Monopoli,40.95,17.3,Italy
15663,Lecco,Lecco,45.85,9.4,Italy
15666,San Benedetto del Tronto,San Benedetto del Tronto,42.95,13.8833,Italy
15691,Ascoli Piceno,Ascoli Piceno,42.85,13.5833,Italy
15705,Martina Franca,Martina Franca,40.7,17.3333,Italy
15734,Settimo Torinese,Settimo Torinese,45.1333,7.7667,Italy
15759,Corato,Corato,41.15,16.4,Italy
15802,Campi Bisenzio,Campi Bisenzio,43.8167,11.1333,Italy
15825,Paterno,Paterno,37.5667,14.9,Italy
15897,Rieti,Rieti,42.4044,12.8567,Italy
15995,Frosinone,Frosinone,41.6333,13.35,Italy
16046,Vercelli,Vercelli,45.3256,8.4231,Italy
16101,Terracina,Terracina,41.2833,13.25,Italy
16112,Capannori,Capannori,43.85,10.5667,Italy
16115,Lodi,Lodi,45.3167,9.5,Italy
16126,Marino,Marino,41.7667,12.6667,Italy
16194,Nocera Inferiore,Nocera Inferiore,40.75,14.6333,Italy
16203,Cascina,Cascina,43.6833,10.55,Italy
16224,Alcamo,Alcamo,37.9778,12.9639,Italy
16282,Biella,Biella,45.5667,8.0667,Italy
16346,Senigallia,Senigallia,43.7131,13.2183,Italy
16452,Bassano del Grappa,Bassano del Grappa,45.7667,11.7342,Italy
16492,Alghero,Alghero,40.56,8.315,Italy
16538,Gravina in Puglia,Gravina in Puglia,40.8167,16.4167,Italy
16659,Civitanova Marche,Civitanova Marche,43.3,13.7333,Italy
16709,Albano Laziale,Albano Laziale,41.7333,12.6667,Italy
16764,Avezzano,Avezzano,42.0411,13.4397,Italy
16777,Imperia,Imperia,43.8833,8.0333,Italy
16848,San Donà di Piave,San Dona di Piave,45.6298,12.5641,Italy
16864,Macerata,Macerata,43.3003,13.4533,Italy
16880,Monterotondo,Monterotondo,42.05,12.6167,Italy
16901,Barcellona-Pozzo di Gotto,Barcellona-Pozzo di Gotto,38.15,15.2167,Italy
16913,Merano,Merano,46.6696,11.1594,Italy
16915,Vasto,Vasto,42.1116,14.7082,Italy
16947,Sassuolo,Sassuolo,44.5517,10.7856,Italy
17011,Cantù,Cantu,45.7333,9.1333,Italy
17024,Ladispoli,Ladispoli,41.9544,12.0742,Italy
17116,Marcianise,Marcianise,41.0333,14.3,Italy
17223,Sciacca,Sciacca,37.5092,13.0889,Italy
17242,Rovereto,Rovereto,45.8833,11.05,Italy
17250,Iesi,Iesi,43.5236,13.2392,Italy
17273,Corigliano Calabro,Corigliano Calabro,39.6,16.5167,Italy
17299,Eboli,Eboli,40.6169,15.0564,Italy
17365,Maddaloni,Maddaloni,41.0333,14.3833,Italy
17370,Fondi,Fondi,41.35,13.4167,Italy
17390,Fasano,Fasano,40.8333,17.3667,Italy
17395,Voghera,Voghera,44.9925,9.0092,Italy
17470,Città di Castello,Citta di Castello,43.4608,12.2439,Italy
17478,Schio,Schio,45.7111,11.3556,Italy
17485,Modugno,Modugno,41.0833,16.7833,Italy
17502,San Giuliano Milanese,San Giuliano Milanese,45.4,9.2833,Italy
17525,Carini,Carini,38.1333,13.1833,Italy
17607,Monreale,Monreale,38.0817,13.2889,Italy
17626,Caivano,Caivano,40.95,14.3,Italy
17640,Mira,Mira,45.4375,12.1329,Italy
17771,Caltagirone,Caltagirone,37.2375,14.5125,Italy
17805,Cerveteri,Cerveteri,42.0,12.1,Italy
17839,Spoleto,Spoleto,42.7565,12.6855,Italy
17851,Formia,Formia,41.2667,13.6167,Italy
17946,Chieri,Chieri,45.0139,7.8224,Italy
17977,Fermo,Fermo,43.1608,13.7158,Italy
18050,Cisterna di Latina,Cisterna di Latina,41.5908,12.8283,Italy
18060,Licata,Licata,37.1083,13.9469,Italy
18152,Rossano,Rossano,39.5667,16.6333,Italy
18188,Pinerolo,Pinerolo,44.8873,7.3319,Italy
18211,Nuoro,Nuoro,40.3167,9.3333,Italy
18222,Francavilla Fontana,Francavilla Fontana,40.5333,17.5833,Italy
18241,Cassino,Cassino,41.5,13.8333,Italy
18280,Rende,Rende,39.3333,16.1833,Italy
18332,Augusta,Augusta,37.25,15.2167,Italy
18345,Somma Vesuviana,Somma Vesuviana,40.8725,14.4369,Italy
18350,Canicattì,Canicatti,37.3667,13.85,Italy
18354,Cento,Cento,44.7333,11.2833,Italy
18362,Adrano,Adrano,37.6667,14.8333,Italy
18367,Conegliano,Conegliano,45.8868,12.2974,Italy
18372,Segrate,Segrate,45.49,9.2953,Italy
18398,Belluno,Belluno,46.1403,12.2167,Italy
18534,Lanciano,Lanciano,42.2333,14.3833,Italy
18574,Osimo,Osimo,43.4833,13.4833,Italy
18610,Crema,Crema,45.3667,9.6833,Italy
18620,Gorizia,Gorizia,45.9333,13.6167,Italy
18633,Venaria Reale,Venaria Reale,45.1167,7.6333,Italy
18680,Formigine,Formigine,44.6072,10.9333,Italy
18846,Nola,Nola,40.9333,14.5333,Italy
18863,Casale Monferrato,Casale Monferrato,45.1342,8.4583,Italy
18875,Vibo Valentia,Vibo Valentia,38.6753,16.0959,Italy
18941,Termoli,Termoli,42.0,14.9833,Italy
18962,Mascalucia,Mascalucia,37.5667,15.05,Italy
18974,Piombino,Piombino,42.9348,10.5221,Italy
18982,Castelfranco Veneto,Castelfranco Veneto,45.6667,11.9333,Italy
19060,Villafranca di Verona,Villafranca di Verona,45.35,10.85,Italy
19184,Abbiategrasso,Abbiategrasso,45.4,8.9167,Italy
19248,Castelfranco Emilia,Castelfranco Emilia,44.5967,11.0528,Italy
19255,San Lazzaro di Savena,San Lazzaro di Savena,44.4716,11.4049,Italy
19259,Lucera,Lucera,41.5,15.3333,Italy
19280,Massafra,Massafra,40.5833,17.1167,Italy
19402,Camaiore,Camaiore,43.9333,10.3,Italy
19406,Favara,Favara,37.3186,13.6631,Italy
19440,Lugo,Lugo,44.4167,11.9167,Italy
19464,Milazzo,Milazzo,38.217,15.237,Italy
19577,Grottaglie,Grottaglie,40.5333,17.4333,Italy
19619,Alba,Alba,44.7,8.0333,Italy
19622,Partinico,Partinico,38.05,13.1167,Italy
19633,Oristano,Oristano,39.9058,8.5916,Italy
19695,Montebelluna,Montebelluna,45.7753,12.0389,Italy
19720,Avola,Avola,36.9167,15.1333,Italy
19733,Gubbio,Gubbio,43.35,12.5667,Italy
19736,San Giuliano Terme,San Giuliano Terme,43.7625,10.4414,Italy
19768,Sarno,Sarno,40.8167,14.6167,Italy
19789,Castelvetrano,Castelvetrano,37.6833,12.7931,Italy
19811,Nardò,Nardo,40.1797,18.0333,Italy
19833,Verbania,Verbania,45.9228,8.5519,Italy
19902,Ostuni,Ostuni,40.7333,17.5833,Italy
19905,Manduria,Manduria,40.4,17.6333,Italy
19916,Rosignano Marittimo,Rosignano Marittimo,43.4,10.4667,Italy
19942,Marigliano,Marigliano,40.9333,14.45,Italy
20047,Fabriano,Fabriano,43.3333,12.9167,Italy
20102,Treviglio,Treviglio,45.5214,9.5928,Italy
20150,Rapallo,Rapallo,44.35,9.2333,Italy
20329,Bra,Bra,44.7,7.85,Italy
20363,Selargius,Selargius,39.2537,9.1606,Italy
20385,Canosa di Puglia,Canosa di Puglia,41.2167,16.0667,Italy
20475,Comiso,Comiso,36.95,14.6,Italy
20500,Misilmeri,Misilmeri,38.0333,13.45,Italy
20502,Parabiago,Parabiago,45.5583,8.9477,Italy
20511,Spinea,Spinea,45.4931,12.1606,Italy
20604,Monfalcone,Monfalcone,45.8,13.5333,Italy
20609,Desenzano del Garda,Desenzano del Garda,45.4689,10.535,Italy
20620,Poggibonsi,Poggibonsi,43.4667,11.15,Italy
20661,Gragnano,Gragnano,40.6957,14.5154,Italy
20664,Mondragone,Mondragone,41.1,13.8833,Italy
20683,Carmagnola,Carmagnola,44.85,7.7167,Italy
20715,Pontedera,Pontedera,43.6625,10.6328,Italy
20722,Sant’Anastasia,Sant'Anastasia,40.8667,14.4,Italy
20768,Alatri,Alatri,41.725,13.3417,Italy
20776,Cervia,Cervia,44.2586,12.3558,Italy
20886,Cecina,Cecina,43.3167,10.5167,Italy
20904,Vittorio Veneto,Vittorio Veneto,45.9833,12.3,Italy
20906,Novi Ligure,Novi Ligure,44.7592,8.7856,Italy
20975,Giarre,Giarre,37.7333,15.1833,Italy
20983,Triggiano,Triggiano,41.0667,16.9167,Italy
20996,Assisi,Assisi,43.0758,12.6175,Italy
21020,Carbonia,Carbonia,39.1672,8.5222,Italy
21021,Mogliano Veneto,Mogliano Veneto,45.5619,12.2364,Italy
21042,San Giovanni in Persiceto,San Giovanni in Persiceto,44.6408,11.185,Italy
21054,Bacoli,Bacoli,40.8,14.0833,Italy
21088,Belpasso,Belpasso,37.5833,14.9833,Italy
21116,San Miniato,San Miniato,43.6833,10.85,Italy
21284,Porto Sant’Elpidio,Porto Sant'Elpidio,43.2667,13.75,Italy
21322,Gioia del Colle,Gioia del Colle,40.8,16.9333,Italy
21327,Mirano,Mirano,45.5,12.1,Italy
21332,Lainate,Lainate,45.5667,9.0333,Italy
21378,Erice,Erice,38.0369,12.5864,Italy
21411,Tortona,Tortona,44.8942,8.8656,Italy
21450,Terlizzi,Terlizzi,41.1333,16.55,Italy
21485,Vimercate,Vimercate,45.6167,9.3667,Italy
21549,Enna,Enna,37.5633,14.2761,Italy
21557,Albignasego,Albignasego,45.35,11.8667,Italy
21570,San Giovanni Rotondo,San Giovanni Rotondo,41.7,15.7333,Italy
21603,Galatina,Galatina,40.1667,18.1667,Italy
21617,Fidenza,Fidenza,44.8667,10.0667,Italy
21641,Assèmini,Assemini,39.2833,9.0,Italy
21651,Scicli,Scicli,36.7914,14.7025,Italy
21662,Falconara Marittima,Falconara Marittima,43.6333,13.4,Italy
21672,Mesagne,Mesagne,40.5667,17.8,Italy
21681,Quarrata,Quarrata,43.8475,10.9833,Italy
21712,Noicattaro,Noicattaro,41.0333,16.9833,Italy
21728,Niscemi,Niscemi,37.15,14.3833,Italy
21731,Putignano,Putignano,40.85,17.1167,Italy
21752,Iglesias,Iglesias,39.3167,8.5333,Italy
21784,Chivasso,Chivasso,45.191,7.8872,Italy
21809,Santeramo in Colle,Santeramo in Colle,40.8,16.7667,Italy
21810,Francavilla al Mare,Francavilla al Mare,42.4167,14.3,Italy
21814,Mariano Comense,Mariano Comense,45.7,9.1833,Italy
21841,Iesolo,Iesolo,45.5331,12.6448,Italy
21866,San Giovanni Lupatoto,San Giovanni Lupatoto,45.3833,11.0333,Italy
21889,Giussano,Giussano,45.7,9.2167,Italy
21926,Cesenatico,Cesenatico,44.2,12.3944,Italy
21928,Valdagno,Valdagno,45.65,11.3,Italy
21996,Vignola,Vignola,44.4808,11.0022,Italy
22017,Conversano,Conversano,40.9667,17.1167,Italy
22024,Termini Imerese,Termini Imerese,37.9833,13.7,Italy
22029,Arzignano,Arzignano,45.5167,11.3333,Italy
22040,Sora,Sora,41.7167,13.6167,Italy
22116,Castel Volturno,Castel Volturno,41.05,13.9167,Italy
22169,Roseto degli Abruzzi,Roseto degli Abruzzi,42.6833,14.0167,Italy
22192,Montichiari,Montichiari,45.4161,10.3917,Italy
22202,Correggio,Correggio,44.7703,10.7822,Italy
22247,Mola di Bari,Mola di Bari,41.0667,17.0833,Italy
22279,Scandiano,Scandiano,44.5925,10.6878,Italy
22283,Bagno a Ripoli,Bagno a Ripoli,43.75,11.3167,Italy
22403,Legnago,Legnago,45.1929,11.3115,Italy
22425,Thiene,Thiene,45.7072,11.4786,Italy
22463,Dalmine,Dalmine,45.65,9.6,Italy
22491,Ruvo di Puglia,Ruvo di Puglia,41.1167,16.4833,Italy
22606,Genzano di Roma,Genzano di Roma,41.7022,12.6925,Italy
22620,Portogruaro,Portogruaro,45.7833,12.8333,Italy
22621,Sezze,Sezze,41.5,13.0667,Italy
22757,Magenta,Magenta,45.4603,8.8766,Italy
22813,Ottaviano,Ottaviano,40.85,14.4775,Italy
22833,Montevarchi,Montevarchi,43.5286,11.57,Italy
22917,Giulianova,Giulianova,42.75,13.95,Italy
22934,Albenga,Albenga,44.05,8.2167,Italy
23003,Sulmona,Sulmona,42.048,13.9262,Italy
23025,Fossano,Fossano,44.55,7.7333,Italy
23056,Copertino,Copertino,40.2667,18.05,Italy
23106,Orbassano,Orbassano,45.0073,7.5369,Italy
23125,Nocera Superiore,Nocera Superiore,40.7417,14.6722,Italy
23199,Noto,Noto,36.8833,15.0833,Italy
23211,Pietrasanta,Pietrasanta,43.9452,10.2183,Italy
23214,Ivrea,Ivrea,45.4674,7.8748,Italy
23266,Castiglione delle Stiviere,Castiglione delle Stiviere,45.4,10.5,Italy
23292,Montecchio Maggiore,Montecchio Maggiore,45.5037,11.412,Italy
23300,Ventimiglia,Ventimiglia,43.7903,7.6083,Italy
23371,Biancavilla,Biancavilla,37.65,14.8667,Italy
23391,Capoterra,Capoterra,39.1744,8.9711,Italy
23458,Mirandola,Mirandola,44.8873,11.066,Italy
23492,Ceccano,Ceccano,41.5667,13.3333,Italy
23553,Poggiomarino,Poggiomarino,40.8,14.55,Italy
23562,Lentini,Lentini,37.2833,15.0,Italy
23563,Fucecchio,Fucecchio,43.7333,10.8,Italy
23566,Nova Milanese,Nova Milanese,45.5833,9.2,Italy
23614,Floridia,Floridia,37.0833,15.15,Italy
23677,Frascati,Frascati,41.8167,12.6833,Italy
23686,Ortona,Ortona,42.35,14.4,Italy
23813,Mentana,Mentana,42.0167,12.65,Italy
23912,Mercato San Severino,Mercato San Severino,40.7833,14.7667,Italy
23913,Vigonza,Vigonza,45.45,11.9833,Italy
24001,Palma di Montechiaro,Palma di Montechiaro,37.1936,13.7658,Italy
24023,Selvazzano Dentro,Selvazzano Dentro,45.3833,11.7833,Italy
24044,Trezzano sul Naviglio,Trezzano sul Naviglio,45.4333,9.0667,Italy
24063,San Cataldo,San Cataldo,37.4833,13.9833,Italy
24127,Sarzana,Sarzana,44.1136,9.96,Italy
24140,Massarosa,Massarosa,43.8667,10.3333,Italy
24182,Mondovì,Mondovi,44.3833,7.8167,Italy
24194,Sondrio,Sondrio,46.1697,9.87,Italy
24198,Pachino,Pachino,36.7167,15.1,Italy
24203,Sant’Arcangelo di Romagna,Sant'Arcangelo di Romagna,44.0633,12.4466,Italy
24266,Porto Torres,Porto Torres,40.8369,8.4014,Italy
24272,Paese,Paese,45.6667,12.15,Italy
24273,Ariano Irpino,Ariano Irpino,41.1528,15.0889,Italy
24274,Martellago,Martellago,45.5467,12.1575,Italy
24283,Ginosa,Ginosa,40.5,16.75,Italy
24288,Agropoli,Agropoli,40.35,14.9833,Italy
24324,Gorgonzola,Gorgonzola,45.5333,9.4,Italy
24369,Casal di Principe,Casal di Principe,41.0167,14.1333,Italy
24370,Borgomanero,Borgomanero,45.7,8.4667,Italy
24372,Cornaredo,Cornaredo,45.5,9.0333,Italy
24415,Palestrina,Palestrina,41.8333,12.9,Italy
24471,Bressanone,Bressanone,46.7165,11.6579,Italy
24474,Comacchio,Comacchio,44.7,12.1833,Italy
24510,Castrovillari,Castrovillari,39.8167,16.2,Italy
24575,Cortona,Cortona,43.2756,11.9881,Italy
24625,San Bonifacio,San Bonifacio,45.4,11.2833,Italy
24668,Isernia,Isernia,41.6028,14.2397,Italy
24733,Colle di Val d’Elsa,Colle di Val d'Elsa,43.4,11.1333,Italy
24768,Piazza Armerina,Piazza Armerina,37.3833,14.3667,Italy
24795,Monsummano,Monsummano,43.8667,10.8167,Italy
24798,Pergine Valsugana,Pergine Valsugana,46.0667,11.2333,Italy
24803,Corciano,Corciano,43.1333,12.2833,Italy
24805,Palo del Colle,Palo del Colle,41.05,16.7,Italy
24853,Montecatini Terme,Montecatini Terme,43.8828,10.7711,Italy
24866,Follonica,Follonica,42.9189,10.7614,Italy
24928,Anagni,Anagni,41.7422,13.1583,Italy
24932,Argenta,Argenta,44.6153,11.8333,Italy
24942,Grottaferrata,Grottaferrata,41.7883,12.6717,Italy
24952,Savigliano,Savigliano,44.65,7.6333,Italy
24961,Romano di Lombardia,Romano di Lombardia,45.5167,9.75,Italy
24994,Suzzara,Suzzara,44.9927,10.7494,Italy
25008,Rosolini,Rosolini,36.8167,14.95,Italy
25073,Colleferro,Colleferro,41.7333,13.0167,Italy
25077,Sestu,Sestu,39.2994,9.0918,Italy
25078,Recanati,Recanati,43.4,13.55,Italy
25081,Sessa Aurunca,Sessa Aurunca,41.2333,13.9333,Italy
25169,Ferentino,Ferentino,41.6833,13.25,Italy
25191,San Salvo,San Salvo,42.0455,14.7315,Italy
25262,Trecate,Trecate,45.4333,8.7333,Italy
25307,Gallipoli,Gallipoli,40.0556,17.9917,Italy
25311,Abano Terme,Abano Terme,45.3603,11.79,Italy
25341,Castel San Pietro Terme,Castel San Pietro Terme,44.4,11.5833,Italy
25350,Rivalta di Torino,Rivalta di Torino,45.034,7.5184,Italy
25364,Bussolengo,Bussolengo,45.4667,10.85,Italy
25377,Oderzo,Oderzo,45.7808,12.4928,Italy
25399,Vico Equense,Vico Equense,40.6667,14.4333,Italy
25417,Pallazzolo sull’Oglio,Pallazzolo sull'Oglio,45.6,9.8833,Italy
25477,Feltre,Feltre,46.0186,11.91,Italy
25485,Giovinazzo,Giovinazzo,41.1833,16.6667,Italy
25505,Pontassieve,Pontassieve,43.775,11.4375,Italy
25508,Lastra a Signa,Lastra a Signa,43.7667,11.1,Italy
25580,Cittadella,Cittadella,45.65,11.7833,Italy
25584,Gaeta,Gaeta,41.2167,13.5667,Italy
25594,Sabaudia,Sabaudia,41.2998,13.0248,Italy
25644,Acquaviva delle Fonti,Acquaviva delle Fonti,40.9,16.85,Italy
25677,Casarano,Casarano,40.0167,18.1667,Italy
25679,Veroli,Veroli,41.6833,13.4167,Italy
25684,Gioia Tauro,Gioia Tauro,38.4333,15.9,Italy
25696,San Mauro Torinese,San Mauro Torinese,45.1039,7.7536,Italy
25709,Acri,Acri,39.5,16.3833,Italy
25732,Sacile,Sacile,45.9667,12.5,Italy
25760,Montalto Uffugo,Montalto Uffugo,39.4,16.15,Italy
25774,Piove di Sacco,Piove di Sacco,45.2977,12.0368,Italy
25834,Melzo,Melzo,45.5,9.4167,Italy
25886,Orvieto,Orvieto,42.7183,12.1103,Italy
25926,Minturno,Minturno,41.2667,13.75,Italy
25954,Acqui Terme,Acqui Terme,44.6761,8.4686,Italy
25956,Viadana,Viadana,44.9267,10.52,Italy
26037,Villabate,Villabate,38.0833,13.45,Italy
26086,Cassano d’Adda,Cassano d'Adda,45.5333,9.5167,Italy
26132,Casamassima,Casamassima,40.95,16.9167,Italy
26161,Ceglie Messapico,Ceglie Messapico,40.65,17.5,Italy
26184,Rovato,Rovato,45.567,9.9986,Italy
26189,Salsomaggiore Terme,Salsomaggiore Terme,44.8148,9.9796,Italy
26229,Signa,Signa,43.7833,11.1,Italy
26232,Spoltore,Spoltore,42.455,14.1399,Italy
26268,Castellana Grotte,Castellana Grotte,40.8833,17.1667,Italy
26269,Ariccia,Ariccia,41.7167,12.6667,Italy
26275,Arcore,Arcore,45.6333,9.3167,Italy
26290,Pescia,Pescia,43.9017,10.6898,Italy
26319,Grumo Nevano,Grumo Nevano,40.9333,14.2667,Italy
26338,Carate Brianza,Carate Brianza,45.7667,9.1833,Italy
26348,Casalgrande,Casalgrande,44.5833,10.7333,Italy
26350,Tradate,Tradate,45.7,8.9167,Italy
26384,Ciriè,Cirie,45.2353,7.6003,Italy
26388,Anguillara Sabazia,Anguillara Sabazia,42.0833,12.2667,Italy
26458,Tolentino,Tolentino,43.2086,13.2841,Italy
26466,Adria,Adria,45.05,12.05,Italy
26588,Pozzallo,Pozzallo,36.7303,14.8467,Italy
26608,Chiari,Chiari,45.5197,9.8833,Italy
26631,Scorzè,Scorze,45.5719,12.1089,Italy
26647,Montemurlo,Montemurlo,43.9333,11.0333,Italy
26654,San Vito dei Normanni,San Vito dei Normanni,40.6556,17.7036,Italy
26674,Bracciano,Bracciano,42.1,12.1833,Italy
26677,Narni,Narni,42.5167,12.5167,Italy
26690,Aci Sant’Antonio,Aci Sant'Antonio,37.6,15.1167,Italy
26715,Agliana,Agliana,43.9,11.0,Italy
26718,Santa Marinella,Santa Marinella,42.0333,11.85,Italy
26734,Corbetta,Corbetta,45.4667,8.9167,Italy
26764,Noci,Noci,40.8,17.1333,Italy
26800,Forio,Forio,40.7333,13.85,Italy
26811,Valenza,Valenza,45.014,8.6458,Italy
26819,Palmi,Palmi,38.3667,15.85,Italy
26838,Castelfidardo,Castelfidardo,43.4642,13.5461,Italy
26890,Palma Campania,Palma Campania,40.8667,14.55,Italy
26909,Valenzano,Valenzano,41.05,16.8833,Italy
26946,Bronte,Bronte,37.7833,14.8333,Italy
26959,Ghedi,Ghedi,45.402,10.2803,Italy
26992,Aci Castello,Aci Castello,37.5556,15.1458,Italy
26995,Ribera,Ribera,37.4994,13.265,Italy
26997,Zola Predosa,Zola Predosa,44.4883,11.2181,Italy
27034,Castel Maggiore,Castel Maggiore,44.5667,11.3667,Italy
27085,Sestri Levante,Sestri Levante,44.2733,9.3932,Italy
27161,Marsciano,Marsciano,42.9167,12.3333,Italy
27168,Siderno Marina,Siderno Marina,38.2667,16.3,Italy
27218,Domodossola,Domodossola,46.1161,8.2911,Italy
27243,Laives,Laives,46.4228,11.3348,Italy
27245,Rutigliano,Rutigliano,40.9333,16.9,Italy
27266,Capua,Capua,41.1056,14.2139,Italy
27271,Terzigno,Terzigno,40.8,14.5,Italy
27289,Malnate,Malnate,45.8,8.8833,Italy
27353,Budrio,Budrio,44.55,11.5333,Italy
27377,Zagarolo,Zagarolo,41.8333,12.8333,Italy
27401,Borgo San Lorenzo,Borgo San Lorenzo,43.95,11.3833,Italy
27409,Cordenons,Cordenons,45.9833,12.7,Italy
27433,Somma Lombardo,Somma Lombardo,45.6833,8.7,Italy
27434,Savignano sul Rubicone,Savignano sul Rubicone,44.0881,12.3933,Italy
27458,Nerviano,Nerviano,45.55,8.9833,Italy
27466,Albino,Albino,45.7606,9.7969,Italy
27469,Villorba,Villorba,45.7333,12.2333,Italy
27517,Santa Maria di Sala,Santa Maria di Sala,45.5089,12.0363,Italy
27536,Cassano al Ionio,Cassano al Ionio,39.7833,16.3167,Italy
27579,Piossasco,Piossasco,44.9906,7.4637,Italy
27691,Alpignano,Alpignano,45.1,7.5167,Italy
27761,Calenzano,Calenzano,43.8667,11.1667,Italy
27780,Marcon,Marcon,45.5543,12.2994,Italy
27781,Maranello,Maranello,44.5333,10.8667,Italy
27789,Sona,Sona,45.4333,10.8333,Italy
27807,Pescantina,Pescantina,45.4833,10.8667,Italy
27833,Valguarnera Caropepe,Valguarnera Caropepe,37.5,14.3833,Italy
27860,Sorrento,Sorrento,40.6278,14.3736,Italy
27884,Polignano a Mare,Polignano a Mare,41.0,17.2167,Italy
27906,Baronissi,Baronissi,40.7462,14.7705,Italy
27912,Arco,Arco,45.9167,10.8833,Italy
27932,Melfi,Melfi,41.0,15.65,Italy
27937,Policoro,Policoro,40.2,16.6667,Italy
27969,Monselice,Monselice,45.2333,11.75,Italy
27993,Porto San Giorgio,Porto San Giorgio,43.1833,13.8,Italy
28027,Carlentini,Carlentini,37.2833,15.0167,Italy
28041,Orta Nova,Orta Nova,41.3308,15.7114,Italy
28043,Isola Capo Rizzuto,Isola Capo Rizzuto,38.9589,17.0956,Italy
28056,Bovisio Masciago,Bovisio Masciago,45.6167,9.15,Italy
28180,Preganziol,Preganziol,45.6,12.2333,Italy
28211,Pianoro,Pianoro,44.3833,11.3333,Italy
28233,Tricase,Tricase,39.9333,18.3667,Italy
28240,Sìnnai,Sinnai,39.3026,9.2031,Italy
28247,Rocca di Papa,Rocca di Papa,41.7667,12.7167,Italy
28274,Pisticci,Pisticci,40.3833,16.55,Italy
28283,San Giovanni Valdarno,San Giovanni Valdarno,43.5644,11.5328,Italy
28287,Vimodrone,Vimodrone,45.5139,9.2844,Italy
28295,Rubano,Rubano,45.4333,11.7833,Italy
28338,Castelfiorentino,Castelfiorentino,43.6,10.9667,Italy
28352,Adelfia,Adelfia,41.0,16.8667,Italy
28396,Sant’Elpidio a Mare,Sant'Elpidio a Mare,43.2295,13.6861,Italy
28400,Concorezzo,Concorezzo,45.5897,9.3359,Italy
28401,Pavullo nel Frignano,Pavullo nel Frignano,44.3327,10.8331,Italy
28451,Cadoneghe,Cadoneghe,45.45,11.9333,Italy
28504,Figline Valdarno,Figline Valdarno,43.6167,11.4667,Italy
28509,Riva del Garda,Riva del Garda,45.8833,10.85,Italy
28533,Saviano,Saviano,40.9167,14.5167,Italy
28535,Gussago,Gussago,45.6,10.15,Italy
28552,San Casciano in Val di Pesa,San Casciano in Val di Pesa,43.6569,11.1858,Italy
28553,Bareggio,Bareggio,45.4667,8.9833,Italy
28595,Carovigno,Carovigno,40.7,17.6667,Italy
28616,Erba,Erba,45.8167,9.2167,Italy
28681,Fiorano Modenese,Fiorano Modenese,44.5333,10.8167,Italy
28696,Campagna,Campagna,40.6667,15.1,Italy
28704,Saluzzo,Saluzzo,44.6453,7.4906,Italy
28755,Castellaneta,Castellaneta,40.6333,16.9333,Italy
28773,San Giovanni in Fiore,San Giovanni in Fiore,39.2642,16.7003,Italy
28824,Martinsicuro,Martinsicuro,42.8833,13.9167,Italy
28838,Torre Maggiore,Torre Maggiore,41.6833,15.2833,Italy
28853,Grottammare,Grottammare,42.9897,13.8658,Italy
28871,Vedelago,Vedelago,45.6833,12.0167,Italy
28916,Scordia,Scordia,37.3,14.85,Italy
28921,Samarate,Samarate,45.6167,8.7833,Italy
28926,Lentate sul Seveso,Lentate sul Seveso,45.6784,9.1219,Italy
28961,Giaveno,Giaveno,45.042,7.352,Italy
29021,Agrate Brianza,Agrate Brianza,45.5833,9.35,Italy
29070,Leinì,Leini,45.1846,7.7133,Italy
29074,Medicina,Medicina,44.4833,11.6333,Italy
29085,Este,Este,45.2333,11.6667,Italy
29111,Monesiglio,Monesiglio,44.4667,8.1167,Italy
29121,Bagnacavallo,Bagnacavallo,44.4167,11.9833,Italy
29159,Lonigo,Lonigo,45.3833,11.3833,Italy
29201,Cerea,Cerea,45.2,11.2167,Italy
29204,Caravaggio,Caravaggio,45.4978,9.6431,Italy
29241,Colle Salvetti,Colle Salvetti,43.6,10.4833,Italy
29242,Porto Empedocle,Porto Empedocle,37.2944,13.5272,Italy
29244,Capurso,Capurso,41.05,16.9167,Italy
29281,Todi,Todi,42.7789,12.4142,Italy
29282,Palagonia,Palagonia,37.3333,14.75,Italy
29285,Reggello,Reggello,43.6833,11.5333,Italy
29296,Noale,Noale,45.5501,12.0709,Italy
29302,Codogno,Codogno,45.16,9.705,Italy
29306,Brunico,Brunico,46.7963,11.9355,Italy
29341,Umbertide,Umbertide,43.3,12.3333,Italy
29386,Fiano Romano,Fiano Romano,42.1667,12.6,Italy
29391,Besana in Brianza,Besana in Brianza,45.7,9.2833,Italy
29470,Bovolone,Bovolone,45.25,11.1333,Italy
29495,Ispica,Ispica,36.7833,14.9,Italy
29504,Sava,Sava,40.4003,17.5667,Italy
29540,Copparo,Copparo,44.9,11.8333,Italy
29564,Codroipo,Codroipo,45.9625,12.9792,Italy
29615,Palagiano,Palagiano,40.5833,17.05,Italy
29620,Tarquinia,Tarquinia,42.2492,11.7561,Italy
29627,Ponsacco,Ponsacco,43.6167,10.6333,Italy
29657,Ospitaletto,Ospitaletto,45.5553,10.0733,Italy
29671,Civita Castellana,Civita Castellana,42.2961,12.41,Italy
29709,Nonantola,Nonantola,44.6777,11.043,Italy
29721,Merate,Merate,45.7,9.4333,Italy
29722,Pianezza,Pianezza,45.1058,7.5434,Italy
29725,Certaldo,Certaldo,43.5478,11.0411,Italy
29745,Galliate,Galliate,45.4833,8.7,Italy
29759,San Cesareo,San Cesareo,41.8167,12.8,Italy
29816,Potenza Picena,Potenza Picena,43.3667,13.6167,Italy
29867,Altopascio,Altopascio,43.8167,10.6833,Italy
29870,Valmontone,Valmontone,41.7833,12.9167,Italy
29909,Paola,Paola,39.3667,16.0333,Italy
29948,Azzano Decimo,Azzano Decimo,45.8833,12.7167,Italy
29949,Sansepolcro,Sansepolcro,43.5756,12.1439,Italy
30063,Rescaldina,Rescaldina,45.6167,8.95,Italy
30094,Volpiano,Volpiano,45.2,7.7833,Italy
30096,San Martino Buon Albergo,San Martino Buon Albergo,45.4167,11.1,Italy
30109,Mottola,Mottola,40.6333,17.0333,Italy
30152,Casalpusterlengo,Casalpusterlengo,45.1778,9.65,Italy
30155,Galatone,Galatone,40.15,18.0667,Italy
30206,Surbo,Surbo,40.4,18.1333,Italy
30208,Carugate,Carugate,45.55,9.3333,Italy
30232,Taurianova,Taurianova,38.35,16.0167,Italy
30257,Castenaso,Castenaso,44.5097,11.4706,Italy
30260,Omegna,Omegna,45.8781,8.4069,Italy
30281,Cassina de’ Pecchi,Cassina de' Pecchi,45.5167,9.3667,Italy
30284,Molinella,Molinella,44.6167,11.6667,Italy
30287,Silvi Paese,Silvi Paese,42.55,14.1167,Italy
30311,San Giorgio Ionico,San Giorgio Ionico,40.45,17.3667,Italy
30327,Finale Emilia,Finale Emilia,44.8333,11.2833,Italy
30332,Riposto,Riposto,37.7333,15.2,Italy
30345,Castelnuovo Rangone,Castelnuovo Rangone,44.55,10.9333,Italy
30389,Opera,Opera,45.3833,9.2167,Italy
30400,Valeggio sul Mincio,Valeggio sul Mincio,45.35,10.7333,Italy
30401,Casalmaggiore,Casalmaggiore,44.9858,10.4147,Italy
30403,Mortara,Mortara,45.25,8.75,Italy
30405,Porcia,Porcia,45.9667,12.6167,Italy
30422,Dolo,Dolo,45.4269,12.0753,Italy
30452,Corridonia,Corridonia,43.25,13.5167,Italy
30476,Soliera,Soliera,44.7381,10.9245,Italy
30484,Castellarano,Castellarano,44.5667,10.7833,Italy
30507,Chiaravalle,Chiaravalle,43.6,13.3333,Italy
30523,Castiglione del Lago,Castiglione del Lago,43.1386,12.0478,Italy
30562,Fiorenzuola d’Arda,Fiorenzuola d'Arda,44.9333,9.9,Italy
30590,Cerro Maggiore,Cerro Maggiore,45.6,8.95,Italy
30603,Santa Croce sull’ Arno,Santa Croce sull' Arno,43.7202,10.7727,Italy
30682,Rubiera,Rubiera,44.65,10.7833,Italy
30711,Calolziocorte,Calolziocorte,45.8,9.4333,Italy
30741,Pedara,Pedara,37.6167,15.0667,Italy
30782,Malo,Malo,45.6582,11.4047,Italy
30793,Castellammare del Golfo,Castellammare del Golfo,38.0264,12.8806,Italy
30797,Zevio,Zevio,45.3728,11.1303,Italy
30805,Guastalla,Guastalla,44.9167,10.6667,Italy
30815,Sannicandro Garganico,Sannicandro Garganico,41.8333,15.5667,Italy
30818,San Vito al Tagliamento,San Vito al Tagliamento,45.9,12.8667,Italy
30824,Pineto,Pineto,42.6167,14.0667,Italy
30835,Santa Maria a Vico,Santa Maria a Vico,41.0333,14.4833,Italy
30855,Città Sant’Angelo,Citta Sant'Angelo,42.5167,14.05,Italy
30856,Oria,Oria,40.5,17.6333,Italy
30869,Laterza,Laterza,40.6333,16.8,Italy
30897,Campodarsego,Campodarsego,45.5,11.9167,Italy
30991,Sommacampagna,Sommacampagna,45.4,10.85,Italy
30999,Cossato,Cossato,45.5667,8.1667,Italy
31015,Rosarno,Rosarno,38.485,15.9797,Italy
31017,Cirò Marina,Ciro Marina,39.3694,17.1278,Italy
31029,Gualdo Tadino,Gualdo Tadino,43.2333,12.7833,Italy
31036,Trepuzzi,Trepuzzi,40.4,18.0667,Italy
31042,Tavagnacco,Tavagnacco,46.1333,13.2167,Italy
31095,Rosà,Rosa,45.7167,11.7667,Italy
31137,Sasso Marconi,Sasso Marconi,44.4,11.25,Italy
31152,Pontinia,Pontinia,41.4083,13.0443,Italy
31153,Sorso,Sorso,40.7983,8.5772,Italy
31157,Carmignano,Carmignano,43.8167,11.0167,Italy
31212,Massalubrense,Massalubrense,40.6167,14.35,Italy
31305,Magione,Magione,43.15,12.2,Italy
31321,Vinci,Vinci,43.7833,10.9167,Italy
31323,Impruneta,Impruneta,43.6833,11.25,Italy
31327,Busto Garolfo,Busto Garolfo,45.5478,8.8867,Italy
31353,Mondolfo,Mondolfo,43.75,13.1,Italy
31356,Arona,Arona,45.7569,8.56,Italy
31363,Collecchio,Collecchio,44.75,10.2167,Italy
31446,Montelupo Fiorentino,Montelupo Fiorentino,43.7333,11.0167,Italy
31453,Maglie,Maglie,40.1167,18.1333,Italy
31462,Cassano delle Murge,Cassano delle Murge,40.8833,16.7667,Italy
31491,Castel San Giorgio,Castel San Giorgio,40.7833,14.7,Italy
31494,Roncade,Roncade,45.6246,12.3766,Italy
31501,Villa San Giovanni,Villa San Giovanni,38.2167,15.6333,Italy
31510,Piano di Sorrento,Piano di Sorrento,40.6333,14.4111,Italy
31547,Monteroni di Lecce,Monteroni di Lecce,40.3333,18.1,Italy
31553,Trinitapoli,Trinitapoli,41.35,16.1,Italy
31560,Orbetello,Orbetello,42.4394,11.2125,Italy
31606,Travagliato,Travagliato,45.524,10.0797,Italy
31608,Villasanta,Villasanta,45.6053,9.3033,Italy
31661,Mascali,Mascali,37.75,15.2,Italy
31672,Latiano,Latiano,40.5333,17.7167,Italy
31683,Cicciano,Cicciano,40.9667,14.5333,Italy
31718,Alzano Lombardo,Alzano Lombardo,45.7317,9.7286,Italy
31737,Urbino,Urbino,43.7252,12.6372,Italy
31745,Priverno,Priverno,41.4667,13.1833,Italy
31812,Leno,Leno,45.3703,10.2167,Italy
31872,Cefalù,Cefalu,38.0333,14.0167,Italy
31879,Oleggio,Oleggio,45.6,8.6333,Italy
31894,Squinzano,Squinzano,40.4333,18.05,Italy
31922,Fiesole,Fiesole,43.8072,11.2919,Italy
31923,Locorotondo,Locorotondo,40.7558,17.3264,Italy
31962,Luino,Luino,46.0,8.75,Italy
31974,Taggia,Taggia,43.8439,7.8509,Italy
31975,Amantea,Amantea,39.1333,16.0667,Italy
31981,Caselle Torinese,Caselle Torinese,45.1775,7.6464,Italy
32009,Marostica,Marostica,45.7456,11.6553,Italy
32025,Fisciano,Fisciano,40.7667,14.8,Italy
32034,Taglio,Taglio,45.0167,12.2167,Italy
32095,Artena,Artena,41.7333,12.9167,Italy
32104,Cervignano del Friuli,Cervignano del Friuli,45.8231,13.335,Italy
32160,Rezzato,Rezzato,45.515,10.3175,Italy
32192,Bondeno,Bondeno,44.8833,11.4167,Italy
32350,Veglie,Veglie,40.3333,17.9667,Italy
32355,Olgiate Olona,Olgiate Olona,45.6333,8.8833,Italy
32367,San Ferdinando di Puglia,San Ferdinando di Puglia,41.3,16.0667,Italy
32379,Fara in Sabina,Fara in Sabina,42.2167,12.7333,Italy
32393,Leverano,Leverano,40.2833,18.0833,Italy
32399,Vetralla,Vetralla,42.3106,12.0792,Italy
32437,Tempio Pausania,Tempio Pausania,40.9015,9.1044,Italy
32475,Villacidro,Villacidro,39.4578,8.7424,Italy
32481,Sarezzo,Sarezzo,45.65,10.2,Italy
32501,Casatenovo,Casatenovo,45.6983,9.3117,Italy
32508,Montepulciano,Montepulciano,43.1,11.7833,Italy
32525,Múggia,Muggia,45.6,13.7667,Italy
32544,Lariano,Lariano,41.7333,12.8333,Italy
32570,Vieste,Vieste,41.8833,16.1667,Italy
32584,Montesarchio,Montesarchio,41.0667,14.6333,Italy
32596,Statte,Statte,40.5667,17.2,Italy
32615,Misano Adriatico,Misano Adriatico,43.9667,12.7,Italy
32634,Dueville,Dueville,45.6333,11.55,Italy
32675,Novellara,Novellara,44.85,10.7333,Italy
32680,Fagnano Olona,Fagnano Olona,45.6667,8.8667,Italy
32726,San Prisco,San Prisco,41.0833,14.2833,Italy
32739,Strada,Strada,43.5833,11.3167,Italy
32761,Lanuvio,Lanuvio,41.6833,12.7,Italy
32763,Cavarzere,Cavarzere,45.137,12.0817,Italy
32797,Sant’Angelo Lodigiano,Sant'Angelo Lodigiano,45.2389,9.4097,Italy
32813,San Pietro Vernotico,San Pietro Vernotico,40.4833,18.05,Italy
32823,Forlimpopoli,Forlimpopoli,44.1833,12.1333,Italy
32829,Latisana,Latisana,45.7833,13.1167,Italy
32855,Arzachena,Arzachena,41.0833,9.3833,Italy
32856,Crispiano,Crispiano,40.6,17.2333,Italy
32911,Castel San Giovanni,Castel San Giovanni,45.05,9.4333,Italy
32977,Camponogara,Camponogara,45.3833,12.0667,Italy
33016,Quartucciu,Quartucciu,39.2529,9.1762,Italy
33036,Grammichele,Grammichele,37.2147,14.6364,Italy
33065,Castelfranco di Sotto,Castelfranco di Sotto,43.7,10.75,Italy
33068,Vigodarzere,Vigodarzere,45.45,11.8833,Italy
33082,Salzano,Salzano,45.5333,12.1167,Italy
33108,Nicosia,Nicosia,37.75,14.4,Italy
33116,San Martino di Lupari,San Martino di Lupari,45.6557,11.8594,Italy
33133,Crevalcore,Crevalcore,44.7167,11.15,Italy
33153,Montefiascone,Montefiascone,42.5333,12.0333,Italy
33165,Melilli,Melilli,37.1833,15.1167,Italy
33181,San Gennaro Vesuviano,San Gennaro Vesuviano,40.8667,14.5333,Italy
33192,Montespertoli,Montespertoli,43.65,11.0833,Italy
33229,San Marco in Lamis,San Marco in Lamis,41.7117,15.635,Italy
33234,Manerbio,Manerbio,45.3667,10.1333,Italy
33283,Calderara di Reno,Calderara di Reno,44.5667,11.2667,Italy
33301,Tezze sul Brenta,Tezze sul Brenta,45.6862,11.7042,Italy
33304,Patti,Patti,38.1389,14.9648,Italy
33309,Gricignano d’Aversa,Gricignano d'Aversa,41.0,14.1833,Italy
33311,Lavagna,Lavagna,44.3167,9.3333,Italy
33327,Loreto,Loreto,43.4389,13.6086,Italy
33329,Casale sul Sile,Casale sul Sile,45.6,12.3333,Italy
33335,Lavello,Lavello,41.05,15.8,Italy
33345,Quattro Castella,Quattro Castella,44.6333,10.4667,Italy
33357,Formello,Formello,42.0833,12.4,Italy
33366,Rionero in Vulture,Rionero in Vulture,40.9167,15.6667,Italy
33421,Chiampo,Chiampo,45.55,11.2833,Italy
33443,Capaci,Capaci,38.1667,13.2333,Italy
33454,Calcinaia,Calcinaia,43.6833,10.6167,Italy
33514,Carpenedolo,Carpenedolo,45.3654,10.4323,Italy
33519,Varazze,Varazze,44.36,8.5766,Italy
33545,Palombara Sabina,Palombara Sabina,42.0667,12.7667,Italy
33546,Cavallino,Cavallino,40.3167,18.2,Italy
33587,Castiglion Fiorentino,Castiglion Fiorentino,43.3439,11.9189,Italy
33595,Ficarazzi,Ficarazzi,38.0833,13.4667,Italy
33597,Porto Recanati,Porto Recanati,43.4322,13.6647,Italy
33605,Trebaseleghe,Trebaseleghe,45.5833,12.05,Italy
33633,Capo d’Orlando,Capo d'Orlando,38.15,14.7333,Italy
33674,Seravezza,Seravezza,44.0,10.2333,Italy
33685,Montegranaro,Montegranaro,43.2333,13.6333,Italy
33694,Calcinato,Calcinato,45.4581,10.4146,Italy
33701,Cairo Montenotte,Cairo Montenotte,44.4,8.2667,Italy
33706,Pontecorvo,Pontecorvo,41.4626,13.6676,Italy
33727,San Biagio di Callalta,San Biagio di Callalta,45.6867,12.3815,Italy
33750,Apricena,Apricena,41.7667,15.4333,Italy
33760,Castelnuovo di Verona,Castelnuovo di Verona,45.4333,10.7667,Italy
33763,Morbegno,Morbegno,46.1333,9.5667,Italy
33787,Raffadali,Raffadali,37.4047,13.5339,Italy
33816,Barrafranca,Barrafranca,37.3667,14.2,Italy
33825,Spilamberto,Spilamberto,44.5333,11.0167,Italy
33871,Terrasini Favarotta,Terrasini Favarotta,38.15,13.0833,Italy
33873,Stezzano,Stezzano,45.6508,9.6528,Italy
33889,Monteprandone,Monteprandone,42.9167,13.8333,Italy
33929,Santa Maria a Monte,Santa Maria a Monte,43.7,10.6833,Italy
33977,Leonforte,Leonforte,37.6417,14.3958,Italy
34015,Noceto,Noceto,44.8167,10.1833,Italy
34016,Bagnolo Mella,Bagnolo Mella,45.4333,10.1833,Italy
34072,Campiglia Marittima,Campiglia Marittima,43.0667,10.6167,Italy
34087,Santo Stino di Livenza,Santo Stino di Livenza,45.7333,12.6833,Italy
34112,Solofra,Solofra,40.8333,14.85,Italy
34150,Trezzo sull’Adda,Trezzo sull'Adda,45.6089,9.52,Italy
34195,Mercogliano,Mercogliano,40.9231,14.7428,Italy
34205,Borgosesia,Borgosesia,45.7167,8.2667,Italy
34212,Montecorvino Rovella,Montecorvino Rovella,40.7,14.9833,Italy
34216,Pianiga,Pianiga,45.4583,12.008,Italy
34231,Arluno,Arluno,45.5,8.9333,Italy
34237,Monte San Giovanni Campano,Monte San Giovanni Campano,41.6333,13.5167,Italy
34241,Lipari,Lipari,38.4667,14.95,Italy
34284,Castel Goffredo,Castel Goffredo,45.2981,10.475,Italy
34288,Rivarolo Canavese,Rivarolo Canavese,45.3312,7.7171,Italy
34375,Grumo Appula,Grumo Appula,41.0167,16.7,Italy
34416,Sala Consilina,Sala Consilina,40.4,15.6,Italy
34417,Locri,Locri,38.216,16.2288,Italy
34448,Francofonte,Francofonte,37.2333,14.8833,Italy
34471,Atri,Atri,42.5833,13.9833,Italy
34520,Fontanafredda,Fontanafredda,45.9667,12.5667,Italy
34582,Sant’Agata di Militello,Sant'Agata di Militello,38.068,14.6333,Italy
34623,Sinalunga,Sinalunga,43.2167,11.7333,Italy
34627,Altavilla Vicentina,Altavilla Vicentina,45.5167,11.45,Italy
34634,Paullo,Paullo,45.4167,9.4,Italy
34682,Olgiate Comasco,Olgiate Comasco,45.7833,8.9667,Italy
34689,Pieve di Soligo,Pieve di Soligo,45.8833,12.1667,Italy
34710,Orzinuovi,Orzinuovi,45.4,9.9333,Italy
34721,Ronchi dei Legionari,Ronchi dei Legionari,45.8333,13.5,Italy
34752,Avigliana,Avigliana,45.0779,7.3984,Italy
34770,Anzola dell’Emilia,Anzola dell'Emilia,44.5472,11.1956,Italy
34803,Monte Compatri,Monte Compatri,41.8081,12.7372,Italy
34806,Lana,Lana,46.616,11.1449,Italy
34824,Cinisi,Cinisi,38.1667,13.1,Italy
34827,San Mauro Pascoli,San Mauro Pascoli,44.1,12.4167,Italy
34839,Camposampiero,Camposampiero,45.5667,11.9333,Italy
34849,Spresiano,Spresiano,45.7833,12.25,Italy
34851,San Pietro in Casale,San Pietro in Casale,44.7,11.4,Italy
34852,Gavardo,Gavardo,45.5875,10.4389,Italy
34869,Casciana Terme,Casciana Terme,43.5281,10.6192,Italy
34904,Menfi,Menfi,37.6078,12.9686,Italy
34914,Russi,Russi,44.3764,12.0334,Italy
34933,Borgo San Dalmazzo,Borgo San Dalmazzo,44.3333,7.4833,Italy
35004,Ugento,Ugento,39.9333,18.1667,Italy
35012,Motta Sant’Anastasia,Motta Sant'Anastasia,37.5,14.9667,Italy
35024,Valmadrera,Valmadrera,45.8463,9.3582,Italy
35028,San Severino Marche,San Severino Marche,43.2289,13.1771,Italy
35038,Taviano,Taviano,39.9833,18.0833,Italy
35079,Cornedo Vicentino,Cornedo Vicentino,45.6167,11.35,Italy
35146,Bernalda,Bernalda,40.4167,16.6833,Italy
35174,Teano,Teano,41.25,14.0667,Italy
35185,Terranuova Bracciolini,Terranuova Bracciolini,43.5531,11.5894,Italy
35249,Eraclea,Eraclea,45.5833,12.6833,Italy
35254,Lizzanello,Lizzanello,40.3051,18.2213,Italy
35276,Monte Sant’Angelo,Monte Sant'Angelo,41.7,15.9667,Italy
35300,Granarolo del l’Emilia,Granarolo del l'Emilia,44.55,11.45,Italy
35304,Villa Literno,Villa Literno,41.0096,14.0741,Italy
35314,Monteforte Irpino,Monteforte Irpino,40.8928,14.7194,Italy
35331,Occhiobello,Occhiobello,44.9216,11.5812,Italy
35394,Sedriano,Sedriano,45.4833,8.9667,Italy
35408,Sant’Ambrogio di Valpolicella,Sant'Ambrogio di Valpolicella,45.5209,10.8362,Italy
35411,Spilimbergo,Spilimbergo,46.1281,12.885,Italy
35414,Bibbiena,Bibbiena,43.7,11.8167,Italy
35426,Torri di Quartesolo,Torri di Quartesolo,45.5167,11.6167,Italy
35464,Stradella,Stradella,45.0833,9.3,Italy
35483,Rottofreno,Rottofreno,45.0579,9.5489,Italy
35494,Tortoreto,Tortoreto,42.8,13.9167,Italy
35499,Taurisano,Taurisano,39.95,18.1667,Italy
35511,Casièr,Casier,45.65,12.3,Italy
35515,Vecchiano,Vecchiano,43.7833,10.3833,Italy
35538,Penne,Penne,42.45,13.9167,Italy
35541,Atripalda,Atripalda,40.9167,14.8256,Italy
35610,Portoferraio,Portoferraio,42.8167,10.3167,Italy
35620,Isola del Liri,Isola del Liri,41.6794,13.5728,Italy
35629,Rocca Priora,Rocca Priora,41.7833,12.7667,Italy
35635,Lonate Pozzolo,Lonate Pozzolo,45.6,8.75,Italy
35739,Pulsano,Pulsano,40.3833,17.35,Italy
35786,Lauria Inferiore,Lauria Inferiore,40.05,15.8333,Italy
35807,Carmiano,Carmiano,40.3458,18.0458,Italy
35814,Margherita di Savoia,Margherita di Savoia,41.3667,16.15,Italy
35820,Susegana,Susegana,45.85,12.25,Italy
35830,Priolo Gargallo,Priolo Gargallo,37.1667,15.1833,Italy
35848,Gambettola,Gambettola,44.1167,12.3333,Italy
35865,Bitetto,Bitetto,41.0333,16.75,Italy
35883,Alfonsine,Alfonsine,44.5,12.05,Italy
35896,Fiume Veneto,Fiume Veneto,45.9333,12.7333,Italy
35897,Loano,Loano,44.1167,8.25,Italy
35973,Cave,Cave,41.8167,12.9333,Italy
35989,Borgaro Torinese,Borgaro Torinese,45.15,7.65,Italy
36030,Casteldaccia,Casteldaccia,38.05,13.5333,Italy
36057,Caldogno,Caldogno,45.6,11.4944,Italy
36062,Santa Flavia,Santa Flavia,38.0833,13.5333,Italy
36073,Gardone Val Trompia,Gardone Val Trompia,45.6833,10.1833,Italy
36083,Serravalle Pistoiese,Serravalle Pistoiese,43.9,10.8333,Italy
36110,Arenzano,Arenzano,44.4042,8.6806,Italy
36114,Campobello di Mazara,Campobello di Mazara,37.6333,12.75,Italy
36129,Finale Ligure,Finale Ligure,44.1714,8.3444,Italy
36151,San Michele al Tagliamento,San Michele al Tagliamento,45.7636,12.9953,Italy
36159,Castenedolo,Castenedolo,45.4704,10.2967,Italy
36163,Amelia,Amelia,42.55,12.4167,Italy
36170,Maniago,Maniago,46.1667,12.7167,Italy
36184,Lendinara,Lendinara,45.085,11.6006,Italy
36207,Giffoni Valle Piana,Giffoni Valle Piana,40.7167,14.9333,Italy
36219,Pellezzano,Pellezzano,40.7333,14.7667,Italy
36233,Macerata Campania,Macerata Campania,41.0667,14.2667,Italy
36241,Mazzarino,Mazzarino,37.3,14.2,Italy
36256,Matino,Matino,40.0333,18.1333,Italy
36356,Sant’Ilario d’Enza,Sant'Ilario d'Enza,44.7667,10.45,Italy
36371,Castano Primo,Castano Primo,45.55,8.7667,Italy
36372,Codigoro,Codigoro,44.8333,12.1167,Italy
36378,Campagnano di Roma,Campagnano di Roma,42.1333,12.3833,Italy
36390,Venosa,Venosa,40.9618,15.8148,Italy
36410,Guspini,Guspini,39.5333,8.6333,Italy
36424,Trofarello,Trofarello,44.9833,7.7333,Italy
36425,Cologno al Serio,Cologno al Serio,45.5833,9.7,Italy
36449,Ponte San Pietro,Ponte San Pietro,45.6978,9.5881,Italy
36461,Cisternino,Cisternino,40.7333,17.4333,Italy
36469,Zero Branco,Zero Branco,45.6,12.1667,Italy
36495,Carbonera,Carbonera,45.6833,12.2833,Italy
36537,Poggio a Caiano,Poggio a Caiano,43.8167,11.0667,Italy
36542,Portomaggiore,Portomaggiore,44.7,11.8,Italy
36552,Musile di Piave,Musile di Piave,45.6178,12.565,Italy
36563,Isola della Scala,Isola della Scala,45.2692,11.0107,Italy
36573,Ravanusa,Ravanusa,37.2678,13.9697,Italy
36581,Taormina,Taormina,37.8518,15.2857,Italy
36620,Ovada,Ovada,44.6392,8.6464,Italy
36631,Caorle,Caorle,45.6,12.8833,Italy
36683,Mestrino,Mestrino,45.45,11.7667,Italy
36696,Trecastagni,Trecastagni,37.6167,15.0833,Italy
36702,Bonate di Sopra,Bonate di Sopra,45.6833,9.5667,Italy
36738,Montegrotto Terme,Montegrotto Terme,45.3333,11.7833,Italy
36747,Camisano Vicentino,Camisano Vicentino,45.5167,11.7167,Italy
36781,Boscotrecase,Boscotrecase,40.7833,14.4667,Italy
36823,Siniscola,Siniscola,40.5743,9.6963,Italy
36835,Sesto Calende,Sesto Calende,45.7333,8.6333,Italy
36870,Riesi,Riesi,37.2833,14.0833,Italy
36902,Melito di Porto Salvo,Melito di Porto Salvo,37.9167,15.7833,Italy
36931,Nembro,Nembro,45.7439,9.7594,Italy
36954,Castelvetro di Modena,Castelvetro di Modena,44.5,10.95,Italy
36971,Montopoli in Val d’Arno,Montopoli in Val d'Arno,43.6667,10.75,Italy
36992,Scalea,Scalea,39.8167,15.8,Italy
37003,Lurate Caccivio,Lurate Caccivio,45.7667,9.0,Italy
37015,Paceco,Paceco,37.9833,12.55,Italy
37023,Cerese,Cerese,45.05,10.75,Italy
37043,Cornate d’Adda,Cornate d'Adda,45.65,9.4667,Italy
37058,Avigliano,Avigliano,40.7314,15.7166,Italy
37103,Piazzola sul Brenta,Piazzola sul Brenta,45.5333,11.7667,Italy
37129,Venafro,Venafro,41.4844,14.0458,Italy
37130,La Maddalena,La Maddalena,41.2167,9.4,Italy
37136,Botticino Sera,Botticino Sera,45.5333,10.2333,Italy
37176,Creazzo,Creazzo,45.5333,11.4833,Italy
37188,Cazzago San Martino,Cazzago San Martino,45.5817,10.0258,Italy
37198,Alassio,Alassio,44.0,8.1667,Italy
37228,Cividale del Friuli,Cividale del Friuli,46.1,13.4333,Italy
37246,Bitritto,Bitritto,41.05,16.8333,Italy
37276,Cepagatti,Cepagatti,42.3667,14.0667,Italy
37302,Tortolì,Tortoli,39.9333,9.65,Italy
37306,San Giustino,San Giustino,43.55,12.1833,Italy
37316,Usmate Velate,Usmate Velate,45.65,9.35,Italy
37350,Acate,Acate,37.0339,14.4942,Italy
37358,Cislago,Cislago,45.65,8.9667,Italy
37362,Sant’Agata de’ Goti,Sant'Agata de' Goti,41.0893,14.4974,Italy
37446,Sant’Antìoco,Sant'Antioco,39.0664,8.4545,Italy
37452,Aulla,Aulla,44.2167,9.9667,Italy
37463,Belmonte Mezzagno,Belmonte Mezzagno,38.05,13.3833,Italy
37513,Polistena,Polistena,38.4,16.0667,Italy
37557,Cerreto Guidi,Cerreto Guidi,43.7667,10.8833,Italy
37569,Fino Mornasco,Fino Mornasco,45.75,9.0333,Italy
37584,Santa Croce Camerina,Santa Croce Camerina,36.8272,14.5239,Italy
37657,Cameri,Cameri,45.5,8.65,Italy
37662,Corleone,Corleone,37.8167,13.3,Italy
37670,Castel Mella,Castel Mella,45.5,10.15,Italy
37677,San Valentino Torio,San Valentino Torio,40.7911,14.6033,Italy
37696,Trevignano,Trevignano,45.7335,12.094,Italy
37697,Inzago,Inzago,45.5333,9.4833,Italy
37752,Bertinoro,Bertinoro,44.15,12.1333,Italy
37770,Campolongo Maggiore,Campolongo Maggiore,45.3333,12.05,Italy
37823,Montale,Montale,43.9333,11.0167,Italy
37877,Motta di Livenza,Motta di Livenza,45.7797,12.6086,Italy
37928,Gemona del Friuli,Gemona del Friuli,46.2833,13.1333,Italy
37995,Martinengo,Martinengo,45.5704,9.7674,Italy
38028,Locate di Triulzi,Locate di Triulzi,45.35,9.2167,Italy
38038,Montechiarugolo,Montechiarugolo,44.6934,10.4224,Italy
38044,Grezzana,Grezzana,45.5167,11.0167,Italy
38051,Racale,Racale,39.9667,18.1,Italy
38061,Celano,Celano,42.0864,13.5575,Italy
38075,Montecchio Emilia,Montecchio Emilia,44.6986,10.4486,Italy
38078,San Felice sul Panaro,San Felice sul Panaro,44.8393,11.1413,Italy
38129,Monte San Pietro,Monte San Pietro,44.4578,11.199,Italy
38150,Lomazzo,Lomazzo,45.7,9.0333,Italy
38161,Medesano,Medesano,44.75,10.1333,Italy
38195,Salò,Salo,45.6,10.5333,Italy
38197,Canelli,Canelli,44.7208,8.2928,Italy
38239,Cadelbosco di Sopra,Cadelbosco di Sopra,44.7667,10.6,Italy
38242,Barberino di Mugello,Barberino di Mugello,44.0014,11.2392,Italy
38247,Massa Lombarda,Massa Lombarda,44.45,11.8167,Italy
38256,Casaluce,Casaluce,41.0,14.2,Italy
38259,Montignoso,Montignoso,44.0167,10.1667,Italy
38296,Barano d’Ischia,Barano d'Ischia,40.7167,13.9167,Italy
38316,San Maurizio Canavese,San Maurizio Canavese,45.2171,7.6305,Italy
38334,Ramacca,Ramacca,37.3833,14.7,Italy
38344,Cori,Cori,41.6445,12.9127,Italy
38411,Itri,Itri,41.2833,13.5333,Italy
38472,Capena,Capena,42.1403,12.5403,Italy
38505,Fiuggi,Fiuggi,41.8,13.2167,Italy
38530,Randazzo,Randazzo,37.8833,14.95,Italy
38620,Vigonovo,Vigonovo,45.3852,12.0074,Italy
38650,Lerici,Lerici,44.0764,9.9111,Italy
38655,Arcola,Arcola,44.1167,9.9,Italy
38664,Nizza Monferrato,Nizza Monferrato,44.7747,8.355,Italy
38692,Vanzago,Vanzago,45.5268,8.9947,Italy
38699,Alberobello,Alberobello,40.7833,17.2333,Italy
38703,Coriano,Coriano,43.9667,12.6,Italy
38761,Poirino,Poirino,44.9208,7.8469,Italy
38785,Salemi,Salemi,37.8167,12.8,Italy
38806,Silea,Silea,45.6547,12.2967,Italy
38810,Torre Santa Susanna,Torre Santa Susanna,40.4667,17.7333,Italy
38858,Peschiera del Garda,Peschiera del Garda,45.4386,10.6886,Italy
38868,Atessa,Atessa,42.0667,14.45,Italy
38873,Recco,Recco,44.3667,9.15,Italy
38884,Roccapiemonte,Roccapiemonte,40.7617,14.6933,Italy
38891,Castelli Calepio,Castelli Calepio,45.6333,9.9,Italy
38914,Castrolibero,Castrolibero,39.3167,16.2,Italy
38935,Castelletto sopra Ticino,Castelletto sopra Ticino,45.7167,8.6333,Italy
38943,Vittuone,Vittuone,45.4833,8.95,Italy
38944,Conselve,Conselve,45.2333,11.8667,Italy
38983,Isola Vicentina,Isola Vicentina,45.6333,11.45,Italy
38996,Mussomeli,Mussomeli,37.5794,13.7525,Italy
39005,Ozieri,Ozieri,40.5849,9.0033,Italy
39037,Bibbiano,Bibbiano,44.6667,10.4667,Italy
39063,Rignano Flaminio,Rignano Flaminio,42.2,12.4833,Italy
39100,Castelnovo ne’ Monti,Castelnovo ne' Monti,44.4333,10.4,Italy
39158,Santa Teresa di Riva,Santa Teresa di Riva,37.94,15.3625,Italy
39191,Partanna,Partanna,37.7289,12.8894,Italy
39194,Campi Salentina,Campi Salentina,40.4,18.0167,Italy
39206,Trescore Balneario,Trescore Balneario,45.7,9.85,Italy
39207,Cutro,Cutro,39.0328,16.9825,Italy
39233,Concordia Sagittaria,Concordia Sagittaria,45.7667,12.85,Italy
39238,Bagnara Calabra,Bagnara Calabra,38.2833,15.8167,Italy
39278,San Giorgio del Sannio,San Giorgio del Sannio,41.0667,14.85,Italy
39281,Valdobbiadene,Valdobbiadene,45.9,11.9167,Italy
39299,Altofonte,Altofonte,38.05,13.3,Italy
39324,San Vendemiano,San Vendemiano,45.8914,12.3389,Italy
39336,Langhirano,Langhirano,44.6167,10.2667,Italy
39384,Aradeo,Aradeo,40.1333,18.1333,Italy
39443,Trabia,Trabia,38.0,13.65,Italy
39451,Cittanova,Cittanova,38.35,16.0833,Italy
39494,Quinto di Treviso,Quinto di Treviso,45.65,12.1667,Italy
39498,Bomporto,Bomporto,44.7333,11.0333,Italy
39510,Volpago del Montello,Volpago del Montello,45.7833,12.1167,Italy
39554,Bordighera,Bordighera,43.7833,7.6667,Italy
39578,Terralba,Terralba,39.7197,8.6363,Italy
39613,Vaprio d’Adda,Vaprio d'Adda,45.5667,9.5333,Italy
39635,Badia Polesine,Badia Polesine,45.1,11.5,Italy
39642,Verucchio,Verucchio,43.9833,12.4215,Italy
39652,Induno Olona,Induno Olona,45.85,8.8333,Italy
39677,Vaiano,Vaiano,43.9667,11.1167,Italy
39694,Capriolo,Capriolo,45.6373,9.9336,Italy
39719,Goito,Goito,45.25,10.6667,Italy
39783,Volterra,Volterra,43.4,10.8667,Italy
39784,Crosia,Crosia,39.5667,16.7667,Italy
39826,Montemarciano,Montemarciano,43.6333,13.3167,Italy
39836,Mandello del Lario,Mandello del Lario,45.9167,9.3167,Italy
39844,Cermenate,Cermenate,45.7,9.0833,Italy
39851,Santo Stefano di Magra,Santo Stefano di Magra,44.1625,9.9151,Italy
39868,Novi di Modena,Novi di Modena,44.8934,10.901,Italy
39870,Sermoneta,Sermoneta,41.55,12.9833,Italy
39908,Fiumefreddo di Sicilia,Fiumefreddo di Sicilia,37.8,15.2,Italy
39917,Sant’Egidio alla Vibrata,Sant'Egidio alla Vibrata,42.8333,13.7167,Italy
39979,Busca,Busca,44.5167,7.4667,Italy
39984,Soverato Marina,Soverato Marina,38.6833,16.55,Italy
40024,Elmas,Elmas,39.2667,9.05,Italy
40028,Bisignano,Bisignano,39.5167,16.2833,Italy
40058,Cuorgnè,Cuorgne,45.3897,7.6498,Italy
40059,Oppeano,Oppeano,45.3,11.1833,Italy
40062,Sedico,Sedico,46.1167,12.1,Italy
40138,Tolmezzo,Tolmezzo,46.4,13.0167,Italy
40139,Asola,Asola,45.2167,10.4167,Italy
40145,Castellamonte,Castellamonte,45.382,7.7121,Italy
40160,Cetraro,Cetraro,39.5,15.95,Italy
40177,Vigasio,Vigasio,45.3167,10.9333,Italy
40193,Cingoli,Cingoli,43.3667,13.2167,Italy
40195,San Sebastiano al Vesuvio,San Sebastiano al Vesuvio,40.8333,14.3667,Italy
40262,Racconigi,Racconigi,44.7667,7.6833,Italy
40272,Bucine,Bucine,43.4833,11.6167,Italy
40298,Gavirate,Gavirate,45.85,8.7167,Italy
40323,Bruino,Bruino,45.0167,7.4667,Italy
40342,Morrovalle,Morrovalle,43.3167,13.5833,Italy
40359,Sovicille,Sovicille,43.2833,11.2333,Italy
40388,Bagnolo in Piano,Bagnolo in Piano,44.7667,10.6833,Italy
40408,Gambolò,Gambolo,45.2586,8.8647,Italy
40409,Cavriago,Cavriago,44.7,10.5333,Italy
40410,Melendugno,Melendugno,40.2667,18.3333,Italy
40416,Meldola,Meldola,44.1333,12.05,Italy
40422,Macomer,Macomer,40.2667,8.7833,Italy
40443,Brembate,Brembate,45.6,9.55,Italy
40449,Mori,Mori,45.85,10.9833,Italy
40463,San Felice Circeo,San Felice Circeo,41.2353,13.0956,Italy
40489,Sannicandro di Bari,Sannicandro di Bari,41.0,16.8,Italy
40523,Inverigo,Inverigo,45.7333,9.2167,Italy
40541,San Pancrazio Salentino,San Pancrazio Salentino,40.4167,17.8333,Italy
40544,Garlasco,Garlasco,45.2,8.9167,Italy
40567,Barga,Barga,44.075,10.4817,Italy
40596,Santa Margherita Ligure,Santa Margherita Ligure,44.3333,9.2167,Italy
40614,Urgnano,Urgnano,45.5972,9.695,Italy
40615,Gassino Torinese,Gassino Torinese,45.1271,7.8248,Italy
40701,Lizzano,Lizzano,40.3919,17.4483,Italy
40710,Ruffano,Ruffano,39.9833,18.25,Italy
40719,Magnago,Magnago,45.5792,8.8025,Italy
40726,Campobello di Licata,Campobello di Licata,37.25,13.9167,Italy
40731,Boves,Boves,44.3333,7.55,Italy
40750,Pasian di Prato,Pasian di Prato,46.05,13.2,Italy
40781,Mareno di Piave,Mareno di Piave,45.8409,12.352,Italy
40784,Gessate,Gessate,45.55,9.4333,Italy
40798,Monteriggioni,Monteriggioni,43.4,11.2167,Italy
40820,Conselice,Conselice,44.5167,11.8333,Italy
40837,Montescaglioso,Montescaglioso,40.55,16.6667,Italy
40841,Deruta,Deruta,42.9833,12.4167,Italy
40855,Castel Bolognese,Castel Bolognese,44.3167,11.8,Italy
40881,Argelato,Argelato,44.5758,11.3486,Italy
40884,Poggio Renatico,Poggio Renatico,44.765,11.4833,Italy
40905,Monticello Conte Otto,Monticello Conte Otto,45.6,11.5833,Italy
40925,San Giovanni in Marignano,San Giovanni in Marignano,43.9393,12.7137,Italy
40934,Bellinzago Novarese,Bellinzago Novarese,45.5833,8.6333,Italy
40937,Resana,Resana,45.6333,11.95,Italy
40945,Siano,Siano,40.8025,14.6944,Italy
40996,Giardini,Giardini,37.8333,15.2833,Italy
41012,Broni,Broni,45.0619,9.2611,Italy
41016,Piombino Dese,Piombino Dese,45.6067,11.9979,Italy
41110,Triuggio,Triuggio,45.6667,9.2667,Italy
41115,Dolianova,Dolianova,39.3833,9.1833,Italy
41116,Mozzate,Mozzate,45.6833,8.95,Italy
41131,Sorbolo,Sorbolo,44.8463,10.4486,Italy
41170,Matelica,Matelica,43.2566,13.0096,Italy
41179,Flero,Flero,45.4835,10.1745,Italy
41218,Loria,Loria,45.7333,11.8667,Italy
41281,Zafferana Etnea,Zafferana Etnea,37.6833,15.1,Italy
41340,San Marzano di San Giuseppe,San Marzano di San Giuseppe,40.45,17.5,Italy
41351,Lavis,Lavis,46.1333,11.1167,Italy
41354,Foiano della Chiana,Foiano della Chiana,43.25,11.8167,Italy
41359,Cavriglia,Cavriglia,43.5167,11.4833,Italy
41360,Maserada sul Piave,Maserada sul Piave,45.75,12.3167,Italy
41383,Castelfranco di Sopra,Castelfranco di Sopra,43.6236,11.5583,Italy
41394,Castelleone,Castelleone,45.2958,9.7609,Italy
41412,Monte Porzio Catone,Monte Porzio Catone,41.8167,12.7167,Italy
41414,Porto Tolle,Porto Tolle,44.95,12.3167,Italy
41455,Besozzo,Besozzo,45.85,8.6667,Italy
41464,Traversetolo,Traversetolo,44.6399,10.3818,Italy
41465,Maserà di Padova,Masera di Padova,45.3167,11.8667,Italy
41490,Striano,Striano,40.8167,14.5667,Italy
41507,Gatteo,Gatteo,44.1,12.3833,Italy
41510,Santa Lucia di Piave,Santa Lucia di Piave,45.85,12.2833,Italy
41534,Brugnera,Brugnera,45.9,12.5333,Italy
41546,Marano Vicentino,Marano Vicentino,45.7,11.4333,Italy
41645,Nepi,Nepi,42.2436,12.3464,Italy
41651,Castel Gandolfo,Castel Gandolfo,41.7469,12.6519,Italy
41657,Legnaro,Legnaro,45.35,11.9667,Italy
41662,Istrana,Istrana,45.6833,12.1,Italy
41663,Fossombrone,Fossombrone,43.7,12.8167,Italy
41664,Mendicino,Mendicino,39.2628,16.1945,Italy
41677,Viagrande,Viagrande,37.6167,15.1,Italy
41681,Aragona,Aragona,37.4019,13.6183,Italy
41689,Villa Castelli,Villa Castelli,40.5833,17.4833,Italy
41690,La Loggia,La Loggia,44.9577,7.6673,Italy
41727,Mosciano Sant’Angelo,Mosciano Sant'Angelo,42.75,13.8833,Italy
41746,Savignano sul Panaro,Savignano sul Panaro,44.4833,11.0333,Italy
41756,Martano,Martano,40.2,18.3,Italy
41760,Gaggiano,Gaggiano,45.4048,9.0349,Italy
41765,Iseo,Iseo,45.6586,10.0536,Italy
41767,Belvedere Marittimo,Belvedere Marittimo,39.6167,15.8667,Italy
41791,Castellabate,Castellabate,40.2789,14.9528,Italy
41797,Parabita,Parabita,40.05,18.1333,Italy
41819,Filottrano,Filottrano,43.4333,13.35,Italy
41834,Missaglia,Missaglia,45.7,9.3333,Italy
41851,Asolo,Asolo,45.8,11.9167,Italy
41865,Pandino,Pandino,45.4,9.55,Italy
41876,Pizzo,Pizzo,38.7333,16.1667,Italy
41879,Trebisacce,Trebisacce,39.8667,16.5333,Italy
41939,Treia,Treia,43.3114,13.3131,Italy
41960,Porcari,Porcari,43.8415,10.6163,Italy
41978,Bovalino Marina,Bovalino Marina,38.15,16.1667,Italy
41995,Coccaglio,Coccaglio,45.5633,9.9783,Italy
42023,Folignano,Folignano,42.8167,13.6333,Italy
42060,Monteforte d’Alpone,Monteforte d'Alpone,45.4167,11.2833,Italy
42065,Podenzano,Podenzano,44.95,9.6833,Italy
42077,Segni,Segni,41.6833,13.0167,Italy
42091,Cherasco,Cherasco,44.65,7.8667,Italy
42104,Lacchiarella,Lacchiarella,45.325,9.14,Italy
42109,Tirano,Tirano,46.2164,10.1689,Italy
42121,Reggiolo,Reggiolo,44.9167,10.8167,Italy
42128,Borgo a Buggiano,Borgo a Buggiano,43.8833,10.7333,Italy
42135,Inveruno,Inveruno,45.5167,8.85,Italy
42164,Teolo,Teolo,45.35,11.6667,Italy
42186,Borgosatollo,Borgosatollo,45.4761,10.24,Italy
42198,Carignano,Carignano,44.9069,7.6732,Italy
42202,Gonzaga,Gonzaga,44.95,10.8167,Italy
42235,Vignate,Vignate,45.5,9.3667,Italy
42263,Troina,Troina,37.7833,14.6,Italy
42267,Malalbergo,Malalbergo,44.7167,11.5333,Italy
42293,Colorno,Colorno,44.9333,10.3833,Italy
42326,Soresina,Soresina,45.2865,9.857,Italy
42328,Montagnana,Montagnana,45.2333,11.4658,Italy
42329,Luzzi,Luzzi,39.45,16.2833,Italy
42345,Ponte Buggianese,Ponte Buggianese,43.8408,10.7475,Italy
42351,Serramanna,Serramanna,39.4228,8.9217,Italy
42355,Tarcento,Tarcento,46.2167,13.2167,Italy
42381,Borgoricco,Borgoricco,45.5167,11.9667,Italy
42418,Oggiono,Oggiono,45.7833,9.35,Italy
42436,Zogno,Zogno,45.7939,9.6656,Italy
42456,Petilia Policastro,Petilia Policastro,39.1167,16.7833,Italy
42471,Aviano,Aviano,46.0667,12.5833,Italy
42478,Monteroni d’Arbia,Monteroni d'Arbia,43.2333,11.4167,Italy
42483,Costa Volpino,Costa Volpino,45.8306,10.0992,Italy
42488,Castagneto Carducci,Castagneto Carducci,43.1667,10.6,Italy
42528,Castelnuovo Berardenga,Castelnuovo Berardenga,43.3474,11.5044,Italy
42555,Civitella in Val di Chiana,Civitella in Val di Chiana,43.4167,11.7167,Italy
42556,Guardiagrele,Guardiagrele,42.2,14.2167,Italy
42559,Cogoleto,Cogoleto,44.3894,8.6461,Italy
42573,Cutrofiano,Cutrofiano,40.1167,18.2,Italy
42583,Vergiate,Vergiate,45.7167,8.7,Italy
42588,Farra di Soligo,Farra di Soligo,45.8833,12.1167,Italy
42594,Roccastrada,Roccastrada,43.0097,11.1683,Italy
42595,Trissino,Trissino,45.5667,11.3667,Italy
42598,Felino,Felino,44.6936,10.242,Italy
42631,Galbiate,Galbiate,45.8,9.3833,Italy
42665,Sorisole,Sorisole,45.7375,9.6564,Italy
42694,Noventa Vicentina,Noventa Vicentina,45.2833,11.5333,Italy
42710,Palazzolo Acreide,Palazzolo Acreide,37.0617,14.9028,Italy
42716,Subiaco,Subiaco,41.9333,13.1,Italy
42719,Ceprano,Ceprano,41.55,13.5167,Italy
42721,Laveno-Mombello,Laveno-Mombello,45.9089,8.6204,Italy
42729,Morlupo,Morlupo,42.1435,12.5047,Italy
42758,San Giorgio di Piano,San Giorgio di Piano,44.65,11.3833,Italy
42766,Albinea,Albinea,44.6167,10.6,Italy
42807,Santa Venerina,Santa Venerina,37.6833,15.1333,Italy
42833,Montalto di Castro,Montalto di Castro,42.35,11.6,Italy
42849,Breganze,Breganze,45.7,11.5667,Italy
42886,Vicopisano,Vicopisano,43.6991,10.5831,Italy
42887,Minerbio,Minerbio,44.6175,11.4717,Italy
42890,Luzzara,Luzzara,44.9667,10.6833,Italy
42893,Ala,Ala,45.75,11.0,Italy
42945,Clusone,Clusone,45.8833,9.95,Italy
42964,Lequile,Lequile,40.3,18.1333,Italy
42967,San Giuseppe Iato,San Giuseppe Iato,37.9667,13.1833,Italy
42974,Orte,Orte,42.4603,12.3861,Italy
43032,Minervino Murge,Minervino Murge,41.1,16.0833,Italy
43066,Rignano sull’Arno,Rignano sull'Arno,43.7237,11.4507,Italy
43071,Zanica,Zanica,45.6394,9.6842,Italy
43073,Brandizzo,Brandizzo,45.1766,7.838,Italy
43085,Campogalliano,Campogalliano,44.6833,10.85,Italy
43090,Erchie,Erchie,40.4333,17.7333,Italy
43123,Castelnuovo di Porto,Castelnuovo di Porto,42.1333,12.5,Italy
43135,Pianella,Pianella,42.4,14.05,Italy
43149,Castelbuono,Castelbuono,37.9333,14.1,Italy
43157,Boville Ernica,Boville Ernica,41.65,13.4667,Italy
43210,Vestignè,Vestigne,45.3833,7.95,Italy
43211,Aurisina,Aurisina,45.7333,13.75,Italy
43247,Monte San Savino,Monte San Savino,43.3333,11.7333,Italy
43276,Roverbella,Roverbella,45.2667,10.7667,Italy
43336,Casorate Primo,Casorate Primo,45.3167,9.0167,Italy
43349,Chiusi,Chiusi,43.0167,11.95,Italy
43350,Spello,Spello,42.9889,12.6722,Italy
43356,Ronciglione,Ronciglione,42.2894,12.2147,Italy
43364,San Gavino Monreale,San Gavino Monreale,39.5499,8.7916,Italy
43409,Volvera,Volvera,44.95,7.5,Italy
43421,Sortino,Sortino,37.1667,15.0333,Italy
43436,Dorgali,Dorgali,40.3,9.5833,Italy
43453,Gavorrano,Gavorrano,42.925,10.91,Italy
43456,Ittiri,Ittiri,40.6,8.5667,Italy
43478,Ferrandina,Ferrandina,40.5,16.45,Italy
43481,Calvisano,Calvisano,45.3489,10.3458,Italy
43491,Cagli,Cagli,43.55,12.65,Italy
44213,Càbras,Cabras,39.9333,8.5333,Italy
